{"cameraMode":{"drawMode":0,"name":"Shaded","section":"Shading Mode"},"sceneLighting":true,"audioPlay":false,"sceneViewState":{"showFog":true,"showMaterialUpdate":true,"showSkybox":true,"showFlares":true,"showImageEffects":true,"showParticleSystems":true},"in2DMode":false,"pivot":{"x":2.1403751373291017,"y":10.71414566040039,"z":-9.04005241394043},"rotation":{"x":-0.13082189857959748,"y":0.31308072805404665,"z":-0.04358461871743202,"w":-0.9396629929542542},"size":18.598827362060548,"orthographic":false}