{"cameraMode":{"drawMode":0,"name":"Shaded","section":"Shading Mode"},"sceneLighting":true,"audioPlay":false,"sceneViewState":{"showFog":true,"showMaterialUpdate":true,"showSkybox":true,"showFlares":true,"showImageEffects":true,"showParticleSystems":true},"in2DMode":false,"pivot":{"x":0.6241100430488586,"y":5.316576957702637,"z":-7.570337295532227},"rotation":{"x":-0.12822332978248597,"y":-0.1827487051486969,"z":0.02404954470694065,"w":-0.9744656682014465},"size":4.564508438110352,"orthographic":false}