{"cameraMode":{"drawMode":0,"name":"Shaded","section":"Shading Mode"},"sceneLighting":true,"audioPlay":false,"sceneViewState":{"showFog":true,"showMaterialUpdate":false,"showSkybox":true,"showFlares":true,"showImageEffects":true,"showParticleSystems":true},"in2DMode":false,"pivot":{"x":1199.9412841796875,"y":304.0150146484375,"z":1180.4940185546875},"rotation":{"x":-0.13567033410072328,"y":-0.6214556694030762,"z":0.11040673404932022,"w":-0.7636732459068298},"size":17.334774017333986,"orthographic":false}