{"cameraMode":{"drawMode":0,"name":"Shaded","section":"Shading Mode"},"sceneLighting":true,"audioPlay":false,"sceneViewState":{"showFog":true,"showMaterialUpdate":false,"showSkybox":true,"showFlares":true,"showImageEffects":true,"showParticleSystems":true},"in2DMode":false,"pivot":{"x":26.461746215820314,"y":22.13912582397461,"z":23.22809600830078},"rotation":{"x":-0.10502461344003678,"y":0.04235192760825157,"z":-0.00447572348639369,"w":-0.993557333946228},"size":70.76587677001953,"orthographic":false}