{"cameraMode":{"drawMode":0,"name":"Shaded","section":"Shading Mode"},"sceneLighting":true,"audioPlay":false,"sceneViewState":{"showFog":true,"showMaterialUpdate":false,"showSkybox":true,"showFlares":true,"showImageEffects":true,"showParticleSystems":true},"in2DMode":false,"pivot":{"x":20.109853744506837,"y":4.734822750091553,"z":8.171346664428711},"rotation":{"x":0.0009838389232754708,"y":0.8401091694831848,"z":-0.001526714419014752,"w":0.5424143075942993},"size":24.912343978881837,"orthographic":false}