{"cameraMode":{"drawMode":0,"name":"Shaded","section":"Shading Mode"},"sceneLighting":true,"audioPlay":false,"sceneViewState":{"showFog":true,"showMaterialUpdate":true,"showSkybox":true,"showFlares":true,"showImageEffects":true,"showParticleSystems":true},"in2DMode":false,"pivot":{"x":3.4182801246643068,"y":-5.316412448883057,"z":-80.07593536376953},"rotation":{"x":0.00003885360274580307,"y":0.9997380375862122,"z":-0.0018307442078366876,"w":0.02281794138252735},"size":67.0298843383789,"orthographic":false}