{"cameraMode":{"drawMode":0,"name":"Shaded","section":"Shading Mode"},"sceneLighting":true,"audioPlay":false,"sceneViewState":{"showFog":true,"showMaterialUpdate":true,"showSkybox":true,"showFlares":true,"showImageEffects":true,"showParticleSystems":true},"in2DMode":false,"pivot":{"x":58.83183288574219,"y":-5.272245407104492,"z":-115.5151596069336},"rotation":{"x":-0.03670252114534378,"y":0.9222989082336426,"z":-0.09051886945962906,"w":-0.37393060326576235},"size":2.8578836917877199,"orthographic":false}