{"cameraMode":{"drawMode":0,"name":"Shaded","section":"Shading Mode"},"sceneLighting":true,"audioPlay":false,"sceneViewState":{"showFog":true,"showMaterialUpdate":true,"showSkybox":true,"showFlares":true,"showImageEffects":true,"showParticleSystems":true},"in2DMode":false,"pivot":{"x":1089.9072265625,"y":256.69561767578127,"z":1135.3651123046875},"rotation":{"x":0.15807998180389405,"y":-0.15777266025543214,"z":0.025592941790819169,"w":0.9744041562080383},"size":4.573963165283203,"orthographic":false}