{"cameraMode":{"drawMode":0,"name":"Shaded","section":"Shading Mode"},"sceneLighting":true,"audioPlay":false,"sceneViewState":{"showFog":true,"showMaterialUpdate":true,"showSkybox":true,"showFlares":true,"showImageEffects":true,"showParticleSystems":true},"in2DMode":false,"pivot":{"x":-0.11841030418872833,"y":3.5311923027038576,"z":-40.217079162597659},"rotation":{"x":0.00019980936485808343,"y":-0.9996712803840637,"z":0.024329405277967454,"w":0.008086204528808594},"size":22.0,"orthographic":false}