{"cameraMode":{"drawMode":0,"name":"Shaded","section":"Shading Mode"},"sceneLighting":true,"audioPlay":false,"sceneViewState":{"showFog":true,"showMaterialUpdate":true,"showSkybox":true,"showFlares":true,"showImageEffects":true,"showParticleSystems":true},"in2DMode":false,"pivot":{"x":526.0408935546875,"y":535.46728515625,"z":-890.1076049804688},"rotation":{"x":-0.0004771843377966434,"y":0.9951245188713074,"z":0.09850915521383286,"w":0.004794250708073378},"size":1903.35400390625,"orthographic":false}