{"cameraMode":{"drawMode":0,"name":"Shaded","section":"Shading Mode"},"sceneLighting":true,"audioPlay":false,"sceneViewState":{"showFog":true,"showMaterialUpdate":true,"showSkybox":true,"showFlares":true,"showImageEffects":true,"showParticleSystems":true},"in2DMode":false,"pivot":{"x":203.84190368652345,"y":84.55624389648438,"z":-0.027622222900390626},"rotation":{"x":-0.21784919500350953,"y":0.10139521956443787,"z":-0.022759951651096345,"w":-0.9704343676567078},"size":67.17520904541016,"orthographic":false}