{"cameraMode":{"drawMode":0,"name":"Shaded","section":"Shading Mode"},"sceneLighting":true,"audioPlay":false,"sceneViewState":{"showFog":true,"showMaterialUpdate":true,"showSkybox":true,"showFlares":true,"showImageEffects":true,"showParticleSystems":true},"in2DMode":false,"pivot":{"x":3.60683274269104,"y":4.176620960235596,"z":-40.319496154785159},"rotation":{"x":0.03554968908429146,"y":-0.07875316590070725,"z":-0.0028072171844542028,"w":-0.9962561726570129},"size":22.0,"orthographic":false}