{"cameraMode":{"drawMode":0,"name":"Shaded","section":"Shading Mode"},"sceneLighting":true,"audioPlay":false,"sceneViewState":{"showFog":true,"showMaterialUpdate":true,"showSkybox":true,"showFlares":true,"showImageEffects":true,"showParticleSystems":true},"in2DMode":false,"pivot":{"x":271.94000244140627,"y":103.67000579833985,"z":241.14999389648438},"rotation":{"x":-0.020123902708292009,"y":0.9651834964752197,"z":-0.24884812533855439,"w":-0.07804221659898758},"size":22.0,"orthographic":false}