{"cameraMode":{"drawMode":0,"name":"Shaded","section":"Shading Mode"},"sceneLighting":true,"audioPlay":false,"sceneViewState":{"showFog":true,"showMaterialUpdate":false,"showSkybox":true,"showFlares":true,"showImageEffects":true,"showParticleSystems":true},"in2DMode":false,"pivot":{"x":21.744312286376954,"y":-25.181228637695314,"z":-114.82025146484375},"rotation":{"x":0.017699018120765687,"y":0.9805005788803101,"z":-0.1650928258895874,"w":0.1051182672381401},"size":142.26736450195313,"orthographic":false}