{"cameraMode":{"drawMode":0,"name":"Shaded","section":"Shading Mode"},"sceneLighting":true,"audioPlay":false,"sceneViewState":{"showFog":true,"showMaterialUpdate":true,"showSkybox":true,"showFlares":true,"showImageEffects":true,"showParticleSystems":true},"in2DMode":false,"pivot":{"x":282.5482482910156,"y":123.31070709228516,"z":165.9518585205078},"rotation":{"x":0.03318161517381668,"y":0.9212660193443298,"z":-0.08065769076347351,"w":0.3790280222892761},"size":51.33040237426758,"orthographic":false}