{"cameraMode":{"drawMode":0,"name":"Shaded","section":"Shading Mode"},"sceneLighting":true,"audioPlay":false,"sceneViewState":{"showFog":true,"showMaterialUpdate":true,"showSkybox":true,"showFlares":true,"showImageEffects":true,"showParticleSystems":true},"in2DMode":false,"pivot":{"x":269.9922180175781,"y":104.92201232910156,"z":228.86160278320313},"rotation":{"x":0.005615689791738987,"y":0.9938377737998962,"z":-0.06003102287650108,"w":0.09301281720399857},"size":27.655166625976564,"orthographic":false}