{"cameraMode":{"drawMode":0,"name":"Shaded","section":"Shading Mode"},"sceneLighting":true,"audioPlay":false,"sceneViewState":{"showFog":true,"showMaterialUpdate":true,"showSkybox":true,"showFlares":true,"showImageEffects":true,"showParticleSystems":true},"in2DMode":false,"pivot":{"x":631.7750244140625,"y":278.92901611328127,"z":2.232229232788086},"rotation":{"x":-0.056238673627376559,"y":0.867777407169342,"z":-0.10096626728773117,"w":-0.4833274185657501},"size":25.105653762817384,"orthographic":false}