{"cameraMode":{"drawMode":0,"name":"Shaded","section":"Shading Mode"},"sceneLighting":true,"audioPlay":false,"sceneViewState":{"showFog":true,"showMaterialUpdate":false,"showSkybox":true,"showFlares":true,"showImageEffects":true,"showParticleSystems":true},"in2DMode":false,"pivot":{"x":-0.07131946086883545,"y":1.112710952758789,"z":-7.637402534484863},"rotation":{"x":-0.24651411175727845,"y":-0.11250198632478714,"z":0.028825543820858,"w":-0.9621555209159851},"size":5.077852249145508,"orthographic":false}