{"cameraMode":{"drawMode":0,"name":"Shaded","section":"Shading Mode"},"sceneLighting":true,"audioPlay":false,"sceneViewState":{"showFog":true,"showMaterialUpdate":true,"showSkybox":true,"showFlares":true,"showImageEffects":true,"showParticleSystems":true},"in2DMode":false,"pivot":{"x":0.2646755576133728,"y":-0.3661181926727295,"z":1.8934192657470704},"rotation":{"x":-0.01382968295365572,"y":-0.008383193984627724,"z":0.00011875832569785416,"w":-0.9998692870140076},"size":22.0,"orthographic":false}