{"cameraMode":{"drawMode":0,"name":"Shaded","section":"Shading Mode"},"sceneLighting":true,"audioPlay":false,"sceneViewState":{"showFog":true,"showMaterialUpdate":true,"showSkybox":true,"showFlares":true,"showImageEffects":true,"showParticleSystems":true},"in2DMode":false,"pivot":{"x":643.404296875,"y":312.3626708984375,"z":922.7767333984375},"rotation":{"x":-0.03921739012002945,"y":-0.07276418060064316,"z":0.0028664341662079098,"w":-0.9965737462043762},"size":2292.906982421875,"orthographic":false}